Donald Truck;Queen of Brexit;CANCELLED;04:57
Lil Shiftkey;Queen of Brexit;CANCELLED;02:47
Mr. Trumpet;Queen of Brexit;CANCELLED;00:17
Al Capone;Parry Hotter;FAILED;04:31
Scooby Dam;Elon Musk;FAILED;04:18
Al Capone;Porschet;BOSSDIDIT;05:31
Porschet;Scooby Dam;CANCELLED;02:37
Elon Musk;Elon Musk;DONE;02:23
Parry Hotter;Al Capone;BOSSDIDIT;00:59
Mr. Trumpet;Lil Shiftkey;BOSSDIDIT;05:49
Queen of Brexit;Queen of Brexit;FAILED;05:19
Bill Gates;Scooby Dam;FAILED;00:29
Lil Shiftkey;Queen of Brexit;BOSSDIDIT;05:01
Parry Hotter;Scooby Dam;FAILED;04:05
Elon Musk;Elon Musk;FAILED;02:28
Elon Musk;Elon Musk;CANCELLED;03:24
Mr. Trumpet;Scooby Dam;FAILED;06:38
Porschet;Donald Truck;BOSSDIDIT;05:28
Donald Truck;Parry Hotter;FAILED;03:44
Donald Truck;Scooby Dam;FAILED;04:42
Al Capone;Elon Musk;FAILED;06:17
Porschet;Porschet;CANCELLED;01:13
Donald Truck;Scooby Dam;DONE;03:28
Elon Musk;Lil Shiftkey;FAILED;01:02
Lil Shiftkey;Scooby Dam;FAILED;04:00
Queen of Brexit;Porschet;CANCELLED;03:17
Al Capone;Queen of Brexit;DONE;04:33
Elon Musk;Queen of Brexit;DONE;01:45
Mr. Trumpet;Lil Shiftkey;FAILED;04:54
Mr. Trumpet;Elon Musk;FAILED;02:49
Mr. Trumpet;Parry Hotter;BOSSDIDIT;06:17
Queen of Brexit;Lil Shiftkey;DONE;03:29
Elon Musk;Porschet;DONE;03:57
Bill Gates;Mr. Trumpet;CANCELLED;01:52
Lil Shiftkey;Donald Truck;CANCELLED;00:22
Mr. Trumpet;Al Capone;BOSSDIDIT;00:07
Elon Musk;Porschet;FAILED;00:21
Donald Truck;Bill Gates;FAILED;02:22
Parry Hotter;Queen of Brexit;BOSSDIDIT;04:19
Scooby Dam;Bill Gates;BOSSDIDIT;04:36
Al Capone;Queen of Brexit;FAILED;04:23
Lil Shiftkey;Donald Truck;FAILED;01:43
Lil Shiftkey;Donald Truck;BOSSDIDIT;02:47
Queen of Brexit;Porschet;CANCELLED;06:01
Mr. Trumpet;Lil Shiftkey;FAILED;00:38
Lil Shiftkey;Elon Musk;FAILED;05:23
Lil Shiftkey;Parry Hotter;CANCELLED;06:37
Bill Gates;Porschet;FAILED;05:16
Lil Shiftkey;Mr. Trumpet;CANCELLED;03:38
Queen of Brexit;Mr. Trumpet;CANCELLED;06:28

