Lil Shiftkey;Queen of Brexit;FAILED;06:12
Parry Hotter;Mr. Trumpet;BOSSDIDIT;06:17
Donald Truck;Scooby Dam;BOSSDIDIT;03:49
Donald Truck;Al Capone;CANCELLED;00:50
Queen of Brexit;Lil Shiftkey;FAILED;02:18
Al Capone;Porschet;FAILED;02:44
Queen of Brexit;Parry Hotter;FAILED;02:41
Mr. Trumpet;Scooby Dam;FAILED;04:22
Scooby Dam;Scooby Dam;FAILED;06:14
Parry Hotter;Lil Shiftkey;CANCELLED;06:31
Al Capone;Donald Truck;DONE;03:52
Elon Musk;Elon Musk;BOSSDIDIT;00:31
Queen of Brexit;Parry Hotter;DONE;05:11
Bill Gates;Donald Truck;FAILED;03:52
Lil Shiftkey;Mr. Trumpet;CANCELLED;05:42
Porschet;Donald Truck;BOSSDIDIT;02:19
Queen of Brexit;Scooby Dam;DONE;05:25
Bill Gates;Bill Gates;CANCELLED;05:22
Queen of Brexit;Porschet;DONE;00:25
Mr. Trumpet;Donald Truck;FAILED;04:49
Mr. Trumpet;Mr. Trumpet;BOSSDIDIT;04:20
Lil Shiftkey;Mr. Trumpet;BOSSDIDIT;00:26
Donald Truck;Queen of Brexit;DONE;04:41
Queen of Brexit;Parry Hotter;FAILED;05:10
Al Capone;Mr. Trumpet;CANCELLED;00:30
Bill Gates;Porschet;BOSSDIDIT;04:12
Elon Musk;Porschet;CANCELLED;03:26
Scooby Dam;Parry Hotter;FAILED;03:39
Lil Shiftkey;Lil Shiftkey;CANCELLED;05:11
Elon Musk;Parry Hotter;BOSSDIDIT;06:32
Porschet;Bill Gates;FAILED;03:22
Al Capone;Mr. Trumpet;FAILED;01:44
Queen of Brexit;Donald Truck;CANCELLED;05:28
Donald Truck;Lil Shiftkey;CANCELLED;00:14
Al Capone;Donald Truck;BOSSDIDIT;06:19
Porschet;Porschet;CANCELLED;01:04
Queen of Brexit;Scooby Dam;FAILED;02:03
Lil Shiftkey;Parry Hotter;BOSSDIDIT;04:44
Donald Truck;Queen of Brexit;DONE;05:50
Scooby Dam;Elon Musk;CANCELLED;06:13
Elon Musk;Mr. Trumpet;BOSSDIDIT;05:19
Porschet;Elon Musk;DONE;02:14
Scooby Dam;Scooby Dam;CANCELLED;03:28
Bill Gates;Lil Shiftkey;CANCELLED;01:31
Scooby Dam;Bill Gates;CANCELLED;06:11
Elon Musk;Donald Truck;BOSSDIDIT;02:41
Parry Hotter;Elon Musk;CANCELLED;01:40
Lil Shiftkey;Elon Musk;DONE;05:12
Parry Hotter;Al Capone;FAILED;05:01
Porschet;Parry Hotter;FAILED;01:15
Donald Truck;Queen of Brexit;CANCELLED;02:59
Lil Shiftkey;Lil Shiftkey;FAILED;04:12
Queen of Brexit;Porschet;CANCELLED;02:11
Mr. Trumpet;Porschet;CANCELLED;04:37
Mr. Trumpet;Scooby Dam;CANCELLED;05:59
Lil Shiftkey;Porschet;FAILED;06:16
Queen of Brexit;Bill Gates;FAILED;06:37

