Queen of Brexit;Bill Gates;FAILED;03:34
Mr. Trumpet;Porschet;CANCELLED;04:24
Scooby Dam;Bill Gates;CANCELLED;03:54
Porschet;Porschet;BOSSDIDIT;01:54
Queen of Brexit;Porschet;CANCELLED;04:48
Parry Hotter;Queen of Brexit;CANCELLED;04:38
Mr. Trumpet;Parry Hotter;CANCELLED;02:20
Bill Gates;Bill Gates;BOSSDIDIT;02:32
Porschet;Queen of Brexit;BOSSDIDIT;02:40
Al Capone;Queen of Brexit;CANCELLED;02:24
Parry Hotter;Queen of Brexit;DONE;02:03
Mr. Trumpet;Mr. Trumpet;BOSSDIDIT;01:52
Mr. Trumpet;Queen of Brexit;DONE;04:26
Al Capone;Al Capone;DONE;05:33
Porschet;Donald Truck;FAILED;03:09
Scooby Dam;Bill Gates;BOSSDIDIT;04:24
Queen of Brexit;Porschet;BOSSDIDIT;01:52
Porschet;Donald Truck;BOSSDIDIT;00:54
Porschet;Scooby Dam;DONE;04:57
Donald Truck;Lil Shiftkey;FAILED;03:56
Queen of Brexit;Lil Shiftkey;CANCELLED;01:54
Queen of Brexit;Scooby Dam;CANCELLED;06:21
Queen of Brexit;Donald Truck;CANCELLED;06:16
Scooby Dam;Al Capone;FAILED;05:34
Scooby Dam;Elon Musk;CANCELLED;03:53
Mr. Trumpet;Parry Hotter;BOSSDIDIT;03:32
Elon Musk;Bill Gates;CANCELLED;00:23
Lil Shiftkey;Porschet;FAILED;03:16
Scooby Dam;Lil Shiftkey;CANCELLED;06:37
Elon Musk;Elon Musk;FAILED;01:14
Mr. Trumpet;Lil Shiftkey;FAILED;01:39
Scooby Dam;Al Capone;CANCELLED;03:12
Donald Truck;Elon Musk;FAILED;01:57
Lil Shiftkey;Porschet;CANCELLED;05:58
Parry Hotter;Porschet;BOSSDIDIT;00:08
Al Capone;Queen of Brexit;CANCELLED;02:33
Porschet;Lil Shiftkey;BOSSDIDIT;04:42
Donald Truck;Porschet;CANCELLED;03:23
Parry Hotter;Elon Musk;FAILED;01:10
Donald Truck;Lil Shiftkey;BOSSDIDIT;00:53
Parry Hotter;Parry Hotter;FAILED;02:33

