Bill Gates;Donald Truck;CANCELLED;01:17
Mr. Trumpet;Porschet;CANCELLED;02:22
Bill Gates;Lil Shiftkey;BOSSDIDIT;01:20
Mr. Trumpet;Elon Musk;BOSSDIDIT;02:02
Elon Musk;Porschet;BOSSDIDIT;04:02
Donald Truck;Mr. Trumpet;CANCELLED;04:02
Parry Hotter;Al Capone;FAILED;02:48
Donald Truck;Scooby Dam;FAILED;06:22
Queen of Brexit;Elon Musk;FAILED;02:18
Mr. Trumpet;Queen of Brexit;CANCELLED;00:04
Queen of Brexit;Parry Hotter;FAILED;00:09
Mr. Trumpet;Al Capone;CANCELLED;02:14
Queen of Brexit;Mr. Trumpet;FAILED;01:33
Parry Hotter;Elon Musk;CANCELLED;05:57
Lil Shiftkey;Lil Shiftkey;FAILED;01:36
Al Capone;Scooby Dam;FAILED;02:30
Lil Shiftkey;Mr. Trumpet;FAILED;05:08
Lil Shiftkey;Donald Truck;BOSSDIDIT;06:40
Lil Shiftkey;Parry Hotter;FAILED;02:14
Donald Truck;Scooby Dam;CANCELLED;04:03
Scooby Dam;Lil Shiftkey;FAILED;05:54
Parry Hotter;Queen of Brexit;BOSSDIDIT;01:09
Queen of Brexit;Parry Hotter;DONE;00:01
Scooby Dam;Porschet;BOSSDIDIT;00:21
Elon Musk;Scooby Dam;CANCELLED;00:46
Porschet;Bill Gates;CANCELLED;03:59
Scooby Dam;Lil Shiftkey;CANCELLED;03:04
Queen of Brexit;Al Capone;CANCELLED;06:19
Porschet;Bill Gates;FAILED;04:54
Al Capone;Lil Shiftkey;BOSSDIDIT;00:49
Scooby Dam;Scooby Dam;FAILED;04:52
Parry Hotter;Mr. Trumpet;CANCELLED;05:09
Parry Hotter;Mr. Trumpet;FAILED;02:07
Porschet;Bill Gates;CANCELLED;00:53
Porschet;Mr. Trumpet;FAILED;04:08
Elon Musk;Parry Hotter;FAILED;00:43
Porschet;Bill Gates;CANCELLED;01:38
Elon Musk;Bill Gates;FAILED;03:20
Elon Musk;Scooby Dam;FAILED;05:53
Queen of Brexit;Queen of Brexit;CANCELLED;05:21
Porschet;Queen of Brexit;CANCELLED;04:25
Bill Gates;Scooby Dam;BOSSDIDIT;00:39
Scooby Dam;Queen of Brexit;CANCELLED;00:30
Scooby Dam;Mr. Trumpet;DONE;06:20
Elon Musk;Bill Gates;CANCELLED;02:24
Mr. Trumpet;Porschet;CANCELLED;02:29
Donald Truck;Parry Hotter;FAILED;04:07
Mr. Trumpet;Elon Musk;BOSSDIDIT;01:19
Parry Hotter;Elon Musk;FAILED;00:46
Donald Truck;Queen of Brexit;DONE;03:20
Mr. Trumpet;Mr. Trumpet;CANCELLED;03:25
Queen of Brexit;Elon Musk;FAILED;05:42
Lil Shiftkey;Porschet;CANCELLED;06:22
Elon Musk;Lil Shiftkey;FAILED;03:56
Queen of Brexit;Lil Shiftkey;FAILED;01:59
Lil Shiftkey;Donald Truck;DONE;02:12
Parry Hotter;Elon Musk;DONE;05:55
Queen of Brexit;Parry Hotter;CANCELLED;03:07
Lil Shiftkey;Queen of Brexit;CANCELLED;04:26
Scooby Dam;Elon Musk;CANCELLED;02:32
Donald Truck;Porschet;BOSSDIDIT;03:35
Scooby Dam;Mr. Trumpet;BOSSDIDIT;03:26
Lil Shiftkey;Lil Shiftkey;CANCELLED;01:44
Mr. Trumpet;Parry Hotter;CANCELLED;04:30
Queen of Brexit;Bill Gates;FAILED;01:45
Queen of Brexit;Queen of Brexit;FAILED;00:38
Donald Truck;Scooby Dam;FAILED;01:23
Donald Truck;Elon Musk;CANCELLED;01:13
Elon Musk;Lil Shiftkey;CANCELLED;01:13

