Porschet;Mr. Trumpet;BOSSDIDIT;03:16
Parry Hotter;Parry Hotter;BOSSDIDIT;05:18
Queen of Brexit;Al Capone;FAILED;05:22
Lil Shiftkey;Mr. Trumpet;FAILED;06:25
Queen of Brexit;Elon Musk;CANCELLED;00:59
Queen of Brexit;Donald Truck;DONE;00:43
Scooby Dam;Bill Gates;BOSSDIDIT;01:44
Lil Shiftkey;Lil Shiftkey;FAILED;02:48
Donald Truck;Donald Truck;FAILED;04:34
Mr. Trumpet;Scooby Dam;CANCELLED;05:09
Porschet;Scooby Dam;BOSSDIDIT;01:41
Elon Musk;Al Capone;CANCELLED;05:15
Mr. Trumpet;Elon Musk;FAILED;01:25
Elon Musk;Lil Shiftkey;FAILED;03:24
Al Capone;Lil Shiftkey;BOSSDIDIT;06:39
Scooby Dam;Parry Hotter;CANCELLED;05:39
Mr. Trumpet;Donald Truck;FAILED;06:06
Mr. Trumpet;Mr. Trumpet;FAILED;00:59
Donald Truck;Donald Truck;CANCELLED;02:04
Elon Musk;Queen of Brexit;BOSSDIDIT;04:13
Lil Shiftkey;Mr. Trumpet;FAILED;06:30
Mr. Trumpet;Scooby Dam;CANCELLED;03:42
Donald Truck;Donald Truck;DONE;05:38
Porschet;Elon Musk;CANCELLED;01:37
Porschet;Porschet;CANCELLED;01:42
Parry Hotter;Parry Hotter;DONE;03:08
Parry Hotter;Bill Gates;BOSSDIDIT;02:11
Donald Truck;Queen of Brexit;DONE;05:12
Donald Truck;Elon Musk;FAILED;01:27
Queen of Brexit;Scooby Dam;FAILED;04:36
Elon Musk;Scooby Dam;FAILED;02:04
Scooby Dam;Donald Truck;CANCELLED;06:12
Parry Hotter;Scooby Dam;DONE;04:04
Porschet;Porschet;CANCELLED;00:56
Scooby Dam;Porschet;DONE;06:01
Queen of Brexit;Elon Musk;DONE;04:23
Mr. Trumpet;Donald Truck;CANCELLED;02:42
Donald Truck;Scooby Dam;BOSSDIDIT;02:14
Lil Shiftkey;Donald Truck;FAILED;00:14
Mr. Trumpet;Queen of Brexit;FAILED;03:34
Mr. Trumpet;Donald Truck;FAILED;03:13
Elon Musk;Elon Musk;CANCELLED;04:42
Porschet;Mr. Trumpet;CANCELLED;04:44
Mr. Trumpet;Porschet;FAILED;01:23
Lil Shiftkey;Porschet;FAILED;03:54
Parry Hotter;Scooby Dam;CANCELLED;02:04
Bill Gates;Al Capone;DONE;05:02
Porschet;Queen of Brexit;DONE;03:11
Elon Musk;Al Capone;BOSSDIDIT;00:00
Porschet;Porschet;FAILED;02:49
Porschet;Porschet;DONE;03:59
Al Capone;Porschet;FAILED;03:26
Queen of Brexit;Mr. Trumpet;BOSSDIDIT;03:32
Queen of Brexit;Elon Musk;CANCELLED;03:23
Mr. Trumpet;Parry Hotter;DONE;03:27
Mr. Trumpet;Lil Shiftkey;BOSSDIDIT;04:46
Donald Truck;Queen of Brexit;FAILED;01:15
Queen of Brexit;Queen of Brexit;FAILED;00:24
Bill Gates;Porschet;FAILED;06:09
Mr. Trumpet;Lil Shiftkey;BOSSDIDIT;04:25
Donald Truck;Porschet;CANCELLED;01:01
Donald Truck;Bill Gates;CANCELLED;05:35
Donald Truck;Queen of Brexit;DONE;00:52
Elon Musk;Lil Shiftkey;CANCELLED;04:55
Lil Shiftkey;Donald Truck;DONE;03:17
Scooby Dam;Scooby Dam;BOSSDIDIT;06:24
Donald Truck;Donald Truck;FAILED;00:52
Elon Musk;Scooby Dam;CANCELLED;05:41
Lil Shiftkey;Elon Musk;CANCELLED;00:53
Porschet;Al Capone;FAILED;02:38
Porschet;Elon Musk;BOSSDIDIT;05:54
Parry Hotter;Scooby Dam;BOSSDIDIT;05:23
Queen of Brexit;Porschet;DONE;03:46
Porschet;Donald Truck;CANCELLED;02:11
Donald Truck;Mr. Trumpet;FAILED;03:59
Porschet;Parry Hotter;CANCELLED;05:14
Queen of Brexit;Elon Musk;CANCELLED;05:34
Scooby Dam;Mr. Trumpet;FAILED;05:59
Parry Hotter;Donald Truck;DONE;03:26
Parry Hotter;Elon Musk;DONE;03:04
Elon Musk;Scooby Dam;CANCELLED;01:47
Mr. Trumpet;Lil Shiftkey;CANCELLED;05:25
Donald Truck;Queen of Brexit;CANCELLED;04:47
Elon Musk;Lil Shiftkey;BOSSDIDIT;01:44
Lil Shiftkey;Mr. Trumpet;FAILED;03:01
Porschet;Scooby Dam;CANCELLED;02:25
Parry Hotter;Elon Musk;CANCELLED;02:45
Bill Gates;Elon Musk;DONE;01:34
Donald Truck;Queen of Brexit;BOSSDIDIT;06:28
Parry Hotter;Parry Hotter;CANCELLED;01:55
Porschet;Parry Hotter;FAILED;01:36
Mr. Trumpet;Porschet;BOSSDIDIT;00:24
Mr. Trumpet;Scooby Dam;CANCELLED;02:40
Lil Shiftkey;Lil Shiftkey;FAILED;00:17
Lil Shiftkey;Porschet;CANCELLED;00:31
Donald Truck;Lil Shiftkey;CANCELLED;04:31
Queen of Brexit;Porschet;BOSSDIDIT;00:22
Queen of Brexit;Elon Musk;BOSSDIDIT;06:10
Parry Hotter;Donald Truck;FAILED;05:41
Queen of Brexit;Porschet;FAILED;00:23
Lil Shiftkey;Donald Truck;FAILED;06:31
Lil Shiftkey;Donald Truck;CANCELLED;04:00
Donald Truck;Parry Hotter;BOSSDIDIT;05:38
Donald Truck;Elon Musk;FAILED;03:54
Scooby Dam;Donald Truck;DONE;04:40

