Al Capone;Queen of Brexit;CANCELLED;06:32
Lil Shiftkey;Scooby Dam;FAILED;04:38
Bill Gates;Mr. Trumpet;BOSSDIDIT;04:05
Lil Shiftkey;Parry Hotter;CANCELLED;04:31
Donald Truck;Donald Truck;FAILED;03:33
Bill Gates;Donald Truck;FAILED;00:57
Porschet;Mr. Trumpet;BOSSDIDIT;04:09
Scooby Dam;Scooby Dam;FAILED;00:17
Queen of Brexit;Elon Musk;CANCELLED;02:43
Mr. Trumpet;Porschet;BOSSDIDIT;06:35
Queen of Brexit;Elon Musk;CANCELLED;04:07
Lil Shiftkey;Lil Shiftkey;FAILED;04:45
Lil Shiftkey;Porschet;DONE;01:08
Queen of Brexit;Parry Hotter;CANCELLED;03:35
Elon Musk;Parry Hotter;FAILED;02:17
Parry Hotter;Parry Hotter;FAILED;04:42
Lil Shiftkey;Mr. Trumpet;FAILED;00:05
Elon Musk;Al Capone;CANCELLED;03:58
Queen of Brexit;Lil Shiftkey;FAILED;01:18
Parry Hotter;Parry Hotter;BOSSDIDIT;01:10
Lil Shiftkey;Scooby Dam;FAILED;01:59
Queen of Brexit;Mr. Trumpet;CANCELLED;01:34
Bill Gates;Queen of Brexit;FAILED;05:16
Lil Shiftkey;Porschet;CANCELLED;01:39
Donald Truck;Parry Hotter;FAILED;01:36
Queen of Brexit;Lil Shiftkey;CANCELLED;05:46
Lil Shiftkey;Scooby Dam;CANCELLED;06:00
Elon Musk;Bill Gates;DONE;02:54
Al Capone;Porschet;CANCELLED;01:47
Porschet;Donald Truck;CANCELLED;00:25
Donald Truck;Mr. Trumpet;FAILED;02:18
Al Capone;Bill Gates;FAILED;00:17
Donald Truck;Al Capone;CANCELLED;03:28
Porschet;Elon Musk;CANCELLED;04:48
Elon Musk;Donald Truck;CANCELLED;01:42
Mr. Trumpet;Lil Shiftkey;CANCELLED;00:53
Donald Truck;Al Capone;CANCELLED;00:13
Queen of Brexit;Mr. Trumpet;FAILED;06:17
Scooby Dam;Porschet;FAILED;01:46
Queen of Brexit;Donald Truck;FAILED;03:30
Porschet;Queen of Brexit;FAILED;00:26
Donald Truck;Lil Shiftkey;FAILED;01:44
Donald Truck;Donald Truck;CANCELLED;00:49
Bill Gates;Elon Musk;CANCELLED;02:10
Mr. Trumpet;Lil Shiftkey;FAILED;00:36
Queen of Brexit;Bill Gates;FAILED;04:03
Mr. Trumpet;Al Capone;CANCELLED;01:13
Donald Truck;Parry Hotter;BOSSDIDIT;03:14
Scooby Dam;Mr. Trumpet;BOSSDIDIT;06:18
Al Capone;Elon Musk;CANCELLED;04:00
Bill Gates;Parry Hotter;FAILED;02:17
Mr. Trumpet;Lil Shiftkey;CANCELLED;06:03
Al Capone;Parry Hotter;CANCELLED;04:22
Scooby Dam;Porschet;FAILED;03:53
Queen of Brexit;Porschet;BOSSDIDIT;05:43
Lil Shiftkey;Al Capone;FAILED;03:54
Scooby Dam;Mr. Trumpet;FAILED;02:38
Donald Truck;Bill Gates;DONE;06:29
Donald Truck;Queen of Brexit;BOSSDIDIT;03:58
Mr. Trumpet;Bill Gates;CANCELLED;01:44
Parry Hotter;Donald Truck;FAILED;00:48
Lil Shiftkey;Queen of Brexit;BOSSDIDIT;02:37
Queen of Brexit;Mr. Trumpet;DONE;01:09
Bill Gates;Elon Musk;FAILED;00:59
Elon Musk;Elon Musk;FAILED;02:30
Mr. Trumpet;Donald Truck;CANCELLED;00:27
Bill Gates;Donald Truck;DONE;03:33
Porschet;Porschet;CANCELLED;01:05
Al Capone;Scooby Dam;FAILED;04:51
Scooby Dam;Lil Shiftkey;CANCELLED;00:15
Donald Truck;Al Capone;FAILED;02:39
Scooby Dam;Scooby Dam;FAILED;01:19
Queen of Brexit;Mr. Trumpet;BOSSDIDIT;02:38
Elon Musk;Mr. Trumpet;FAILED;04:10
Donald Truck;Elon Musk;FAILED;01:05
Parry Hotter;Elon Musk;BOSSDIDIT;06:17
Lil Shiftkey;Elon Musk;CANCELLED;03:25
Mr. Trumpet;Donald Truck;FAILED;04:45
Queen of Brexit;Queen of Brexit;FAILED;04:30
Al Capone;Mr. Trumpet;CANCELLED;04:50
Donald Truck;Bill Gates;DONE;03:47
Donald Truck;Mr. Trumpet;FAILED;01:55
Lil Shiftkey;Parry Hotter;DONE;03:02
Lil Shiftkey;Scooby Dam;FAILED;05:57
Lil Shiftkey;Lil Shiftkey;BOSSDIDIT;03:17
Porschet;Mr. Trumpet;FAILED;05:12
Queen of Brexit;Lil Shiftkey;DONE;05:13
Scooby Dam;Porschet;FAILED;01:33
Queen of Brexit;Scooby Dam;FAILED;06:10
Donald Truck;Porschet;CANCELLED;04:34
Lil Shiftkey;Porschet;BOSSDIDIT;01:36
Porschet;Mr. Trumpet;FAILED;06:09
Elon Musk;Parry Hotter;FAILED;00:44
Scooby Dam;Queen of Brexit;DONE;06:30
Bill Gates;Elon Musk;DONE;00:51
Porschet;Mr. Trumpet;DONE;03:25
Queen of Brexit;Scooby Dam;DONE;06:35
Porschet;Porschet;FAILED;05:15
Porschet;Porschet;DONE;02:07
Scooby Dam;Mr. Trumpet;DONE;03:05
Elon Musk;Scooby Dam;BOSSDIDIT;06:05
Donald Truck;Donald Truck;CANCELLED;05:59
Queen of Brexit;Queen of Brexit;CANCELLED;00:00
Queen of Brexit;Lil Shiftkey;DONE;04:32
Elon Musk;Elon Musk;FAILED;03:46
Mr. Trumpet;Parry Hotter;FAILED;03:18
Parry Hotter;Scooby Dam;CANCELLED;05:38
Mr. Trumpet;Porschet;CANCELLED;04:12
Porschet;Parry Hotter;FAILED;03:17
Scooby Dam;Queen of Brexit;CANCELLED;04:46
Lil Shiftkey;Scooby Dam;FAILED;00:30
Lil Shiftkey;Mr. Trumpet;FAILED;03:02
Bill Gates;Scooby Dam;CANCELLED;05:33
Lil Shiftkey;Elon Musk;CANCELLED;03:14
Lil Shiftkey;Scooby Dam;CANCELLED;06:20
Al Capone;Mr. Trumpet;CANCELLED;04:13
Parry Hotter;Donald Truck;BOSSDIDIT;04:34
Lil Shiftkey;Parry Hotter;DONE;00:55
Porschet;Mr. Trumpet;BOSSDIDIT;01:03
Parry Hotter;Bill Gates;CANCELLED;04:35
Porschet;Scooby Dam;CANCELLED;04:17
Mr. Trumpet;Mr. Trumpet;CANCELLED;02:04
Parry Hotter;Scooby Dam;DONE;04:07
Lil Shiftkey;Lil Shiftkey;CANCELLED;02:47
Scooby Dam;Queen of Brexit;DONE;06:37
Donald Truck;Scooby Dam;FAILED;04:15
Scooby Dam;Porschet;FAILED;01:18
Bill Gates;Scooby Dam;FAILED;01:03
Bill Gates;Porschet;FAILED;00:30
Mr. Trumpet;Parry Hotter;BOSSDIDIT;04:52
Porschet;Scooby Dam;CANCELLED;05:27
Elon Musk;Queen of Brexit;DONE;03:57
Queen of Brexit;Donald Truck;CANCELLED;01:55
Queen of Brexit;Donald Truck;FAILED;06:09
Elon Musk;Lil Shiftkey;FAILED;03:27
Lil Shiftkey;Parry Hotter;CANCELLED;03:56
Donald Truck;Mr. Trumpet;FAILED;01:48

