Scooby Dam;Al Capone;BOSSDIDIT;06:26
Lil Shiftkey;Donald Truck;DONE;00:49
Elon Musk;Mr. Trumpet;CANCELLED;00:25
Mr. Trumpet;Scooby Dam;FAILED;06:18
Porschet;Porschet;FAILED;02:23
Mr. Trumpet;Scooby Dam;FAILED;01:51
Porschet;Scooby Dam;FAILED;05:04
Mr. Trumpet;Porschet;CANCELLED;02:23
Elon Musk;Mr. Trumpet;CANCELLED;00:33
Bill Gates;Porschet;CANCELLED;04:56
Scooby Dam;Bill Gates;CANCELLED;02:20
Donald Truck;Queen of Brexit;CANCELLED;02:53
Mr. Trumpet;Scooby Dam;BOSSDIDIT;05:48
Elon Musk;Queen of Brexit;FAILED;01:48
Queen of Brexit;Porschet;BOSSDIDIT;04:00
Scooby Dam;Parry Hotter;FAILED;01:47
Parry Hotter;Elon Musk;FAILED;04:36
Elon Musk;Lil Shiftkey;CANCELLED;05:33
Queen of Brexit;Mr. Trumpet;CANCELLED;01:13
Porschet;Bill Gates;CANCELLED;00:25
Donald Truck;Mr. Trumpet;FAILED;01:51
Bill Gates;Lil Shiftkey;FAILED;03:56
Lil Shiftkey;Mr. Trumpet;CANCELLED;04:22
Elon Musk;Queen of Brexit;CANCELLED;04:03
Scooby Dam;Donald Truck;BOSSDIDIT;04:43
Scooby Dam;Al Capone;FAILED;00:26
Porschet;Queen of Brexit;DONE;04:57
Donald Truck;Al Capone;FAILED;01:26
Porschet;Parry Hotter;FAILED;03:13
Elon Musk;Porschet;DONE;06:15
Al Capone;Porschet;FAILED;02:35
Porschet;Porschet;FAILED;03:39
Al Capone;Queen of Brexit;CANCELLED;04:32
Mr. Trumpet;Mr. Trumpet;FAILED;00:10
Scooby Dam;Scooby Dam;DONE;00:34
Scooby Dam;Bill Gates;BOSSDIDIT;05:43
Scooby Dam;Al Capone;CANCELLED;04:08
Lil Shiftkey;Mr. Trumpet;CANCELLED;06:09
Porschet;Mr. Trumpet;FAILED;00:07
Lil Shiftkey;Porschet;CANCELLED;00:55
Elon Musk;Scooby Dam;BOSSDIDIT;03:47
Mr. Trumpet;Elon Musk;FAILED;05:11
Porschet;Scooby Dam;FAILED;03:05
Queen of Brexit;Mr. Trumpet;FAILED;04:32
Elon Musk;Al Capone;CANCELLED;06:30
Porschet;Porschet;FAILED;05:05
Donald Truck;Parry Hotter;BOSSDIDIT;06:37
Lil Shiftkey;Parry Hotter;CANCELLED;03:42
Donald Truck;Mr. Trumpet;DONE;05:07
Elon Musk;Parry Hotter;FAILED;04:31
Lil Shiftkey;Bill Gates;CANCELLED;06:17
Scooby Dam;Queen of Brexit;BOSSDIDIT;03:11
Donald Truck;Lil Shiftkey;DONE;00:55
Queen of Brexit;Porschet;FAILED;01:30
Queen of Brexit;Bill Gates;FAILED;04:39
Scooby Dam;Mr. Trumpet;FAILED;04:04
Scooby Dam;Donald Truck;CANCELLED;02:43
Bill Gates;Lil Shiftkey;DONE;02:57
Mr. Trumpet;Elon Musk;BOSSDIDIT;01:32
Al Capone;Lil Shiftkey;FAILED;05:04
Scooby Dam;Lil Shiftkey;FAILED;02:41
Scooby Dam;Queen of Brexit;BOSSDIDIT;05:20
Parry Hotter;Mr. Trumpet;FAILED;02:56
Scooby Dam;Lil Shiftkey;CANCELLED;03:16
Donald Truck;Scooby Dam;CANCELLED;05:48
Elon Musk;Elon Musk;CANCELLED;03:01
Scooby Dam;Queen of Brexit;BOSSDIDIT;05:11
Mr. Trumpet;Elon Musk;DONE;04:17
Queen of Brexit;Donald Truck;FAILED;02:54
Al Capone;Mr. Trumpet;BOSSDIDIT;01:01
Parry Hotter;Parry Hotter;CANCELLED;04:21
Al Capone;Elon Musk;DONE;05:08
Elon Musk;Bill Gates;FAILED;03:53
Lil Shiftkey;Porschet;CANCELLED;02:10
Elon Musk;Al Capone;CANCELLED;00:49
Al Capone;Parry Hotter;CANCELLED;06:27
Queen of Brexit;Mr. Trumpet;FAILED;01:12
Elon Musk;Donald Truck;CANCELLED;05:23
Queen of Brexit;Parry Hotter;CANCELLED;02:30
Queen of Brexit;Scooby Dam;FAILED;04:19
Lil Shiftkey;Mr. Trumpet;CANCELLED;00:15
Lil Shiftkey;Scooby Dam;FAILED;04:52
Porschet;Elon Musk;CANCELLED;03:15
Donald Truck;Mr. Trumpet;DONE;04:30
Lil Shiftkey;Bill Gates;BOSSDIDIT;00:01
Donald Truck;Scooby Dam;BOSSDIDIT;00:34
Mr. Trumpet;Scooby Dam;DONE;06:29

