Porschet;Lil Shiftkey;BOSSDIDIT;06:35
Scooby Dam;Elon Musk;DONE;02:01
Elon Musk;Scooby Dam;BOSSDIDIT;00:43
Mr. Trumpet;Lil Shiftkey;CANCELLED;06:38
Queen of Brexit;Lil Shiftkey;FAILED;00:05
Porschet;Scooby Dam;FAILED;02:28
Parry Hotter;Porschet;CANCELLED;05:11
Mr. Trumpet;Mr. Trumpet;CANCELLED;00:05
Donald Truck;Donald Truck;FAILED;06:04
Al Capone;Porschet;BOSSDIDIT;00:36
Elon Musk;Scooby Dam;FAILED;05:49
Donald Truck;Elon Musk;DONE;03:03
Donald Truck;Scooby Dam;CANCELLED;01:41
Elon Musk;Bill Gates;CANCELLED;02:22
Elon Musk;Elon Musk;CANCELLED;03:39
Bill Gates;Queen of Brexit;BOSSDIDIT;05:53
Al Capone;Scooby Dam;CANCELLED;05:56
Porschet;Mr. Trumpet;FAILED;04:04
Parry Hotter;Queen of Brexit;DONE;01:41
Porschet;Scooby Dam;FAILED;00:16
Elon Musk;Elon Musk;FAILED;05:47
Scooby Dam;Elon Musk;CANCELLED;05:16
Al Capone;Queen of Brexit;FAILED;06:29
Mr. Trumpet;Donald Truck;FAILED;04:34
Porschet;Queen of Brexit;DONE;00:39
Scooby Dam;Lil Shiftkey;CANCELLED;00:57
Porschet;Parry Hotter;FAILED;03:06
Donald Truck;Lil Shiftkey;FAILED;03:33
Mr. Trumpet;Donald Truck;CANCELLED;01:57
Queen of Brexit;Parry Hotter;FAILED;02:46
Porschet;Parry Hotter;FAILED;06:39
Queen of Brexit;Parry Hotter;BOSSDIDIT;05:26
Porschet;Parry Hotter;FAILED;04:17
Scooby Dam;Parry Hotter;CANCELLED;06:14
Parry Hotter;Porschet;CANCELLED;00:40
Mr. Trumpet;Elon Musk;DONE;06:38
Porschet;Mr. Trumpet;FAILED;05:05
Bill Gates;Bill Gates;FAILED;00:25
Queen of Brexit;Queen of Brexit;FAILED;05:27
Porschet;Scooby Dam;CANCELLED;00:36
Parry Hotter;Lil Shiftkey;FAILED;02:27
Queen of Brexit;Mr. Trumpet;FAILED;03:26
Porschet;Mr. Trumpet;CANCELLED;06:22
Al Capone;Elon Musk;CANCELLED;00:52
Queen of Brexit;Lil Shiftkey;BOSSDIDIT;01:31
Queen of Brexit;Mr. Trumpet;FAILED;00:36
Mr. Trumpet;Parry Hotter;BOSSDIDIT;05:38
Mr. Trumpet;Porschet;CANCELLED;01:41
Bill Gates;Queen of Brexit;FAILED;05:44
Queen of Brexit;Scooby Dam;CANCELLED;01:37
Parry Hotter;Mr. Trumpet;DONE;00:46
Lil Shiftkey;Porschet;CANCELLED;06:02
Bill Gates;Lil Shiftkey;DONE;03:14
Lil Shiftkey;Donald Truck;FAILED;00:24
Lil Shiftkey;Donald Truck;CANCELLED;06:14
Scooby Dam;Elon Musk;FAILED;04:42
Elon Musk;Elon Musk;BOSSDIDIT;04:52
Donald Truck;Elon Musk;DONE;00:44
Al Capone;Bill Gates;FAILED;02:02
Elon Musk;Queen of Brexit;CANCELLED;02:44
Al Capone;Queen of Brexit;FAILED;03:56
Donald Truck;Parry Hotter;FAILED;04:26
Lil Shiftkey;Queen of Brexit;CANCELLED;05:29
Scooby Dam;Queen of Brexit;CANCELLED;03:25
Queen of Brexit;Parry Hotter;DONE;00:56
Scooby Dam;Donald Truck;BOSSDIDIT;05:24
Porschet;Mr. Trumpet;CANCELLED;03:05
Parry Hotter;Bill Gates;BOSSDIDIT;06:33
Mr. Trumpet;Al Capone;CANCELLED;03:21
Al Capone;Donald Truck;FAILED;06:08
Parry Hotter;Porschet;BOSSDIDIT;05:43
Bill Gates;Parry Hotter;FAILED;04:12
Bill Gates;Mr. Trumpet;BOSSDIDIT;03:48
Mr. Trumpet;Elon Musk;FAILED;00:13
Queen of Brexit;Lil Shiftkey;BOSSDIDIT;03:54
Elon Musk;Lil Shiftkey;FAILED;03:52
Parry Hotter;Elon Musk;FAILED;06:33
Al Capone;Elon Musk;DONE;03:52
Donald Truck;Al Capone;BOSSDIDIT;06:23
Scooby Dam;Elon Musk;DONE;02:44
Mr. Trumpet;Porschet;DONE;05:41
Scooby Dam;Parry Hotter;DONE;00:08
Parry Hotter;Lil Shiftkey;CANCELLED;05:24
Queen of Brexit;Parry Hotter;CANCELLED;02:34
Elon Musk;Donald Truck;FAILED;05:00
Porschet;Lil Shiftkey;DONE;05:31
Porschet;Queen of Brexit;FAILED;05:24
Lil Shiftkey;Mr. Trumpet;DONE;02:17
Lil Shiftkey;Bill Gates;CANCELLED;02:55
Mr. Trumpet;Parry Hotter;FAILED;02:32
Queen of Brexit;Donald Truck;CANCELLED;04:59
Queen of Brexit;Mr. Trumpet;DONE;04:36
Queen of Brexit;Porschet;CANCELLED;05:47
Parry Hotter;Al Capone;CANCELLED;01:22
Porschet;Porschet;FAILED;02:21
Elon Musk;Queen of Brexit;CANCELLED;00:18
Elon Musk;Queen of Brexit;CANCELLED;06:09
Porschet;Elon Musk;CANCELLED;00:52
Scooby Dam;Mr. Trumpet;CANCELLED;00:34
Donald Truck;Scooby Dam;CANCELLED;06:40
Queen of Brexit;Queen of Brexit;CANCELLED;02:43
Parry Hotter;Lil Shiftkey;CANCELLED;05:16
Scooby Dam;Scooby Dam;FAILED;03:09
Al Capone;Parry Hotter;FAILED;03:23
Porschet;Donald Truck;DONE;05:28
Porschet;Elon Musk;FAILED;00:07
Parry Hotter;Parry Hotter;CANCELLED;02:42
Al Capone;Al Capone;DONE;02:43
Mr. Trumpet;Porschet;CANCELLED;02:16
Scooby Dam;Lil Shiftkey;DONE;04:12
Elon Musk;Mr. Trumpet;FAILED;06:30
Mr. Trumpet;Elon Musk;FAILED;03:53
Elon Musk;Parry Hotter;BOSSDIDIT;03:58
Parry Hotter;Al Capone;DONE;00:25
Lil Shiftkey;Al Capone;FAILED;01:53
Lil Shiftkey;Lil Shiftkey;FAILED;01:27
Elon Musk;Elon Musk;FAILED;04:33
Lil Shiftkey;Porschet;CANCELLED;02:48
Bill Gates;Scooby Dam;CANCELLED;05:14
Elon Musk;Lil Shiftkey;CANCELLED;04:53
Elon Musk;Lil Shiftkey;DONE;06:11
Bill Gates;Queen of Brexit;CANCELLED;02:28
Donald Truck;Scooby Dam;FAILED;04:06
Elon Musk;Mr. Trumpet;BOSSDIDIT;05:20
Queen of Brexit;Elon Musk;FAILED;06:04
Lil Shiftkey;Scooby Dam;DONE;02:55
Donald Truck;Donald Truck;FAILED;02:50
Queen of Brexit;Porschet;CANCELLED;00:10
Porschet;Mr. Trumpet;DONE;01:36

