Queen of Brexit;Parry Hotter;CANCELLED;04:50
Scooby Dam;Porschet;FAILED;01:29
Parry Hotter;Al Capone;FAILED;01:24
Lil Shiftkey;Elon Musk;CANCELLED;03:35
Parry Hotter;Bill Gates;CANCELLED;05:01
Scooby Dam;Scooby Dam;BOSSDIDIT;03:28
Mr. Trumpet;Donald Truck;FAILED;00:08
Al Capone;Porschet;DONE;06:30
Queen of Brexit;Lil Shiftkey;CANCELLED;00:27
Donald Truck;Donald Truck;BOSSDIDIT;05:57
Donald Truck;Donald Truck;FAILED;04:41
Porschet;Porschet;FAILED;04:22
Lil Shiftkey;Elon Musk;CANCELLED;03:07
Elon Musk;Queen of Brexit;CANCELLED;06:19
Bill Gates;Parry Hotter;DONE;06:34
Porschet;Mr. Trumpet;DONE;02:21
Donald Truck;Bill Gates;DONE;05:23
Donald Truck;Parry Hotter;FAILED;05:04
Mr. Trumpet;Donald Truck;CANCELLED;00:15
Donald Truck;Porschet;CANCELLED;00:36
Elon Musk;Porschet;CANCELLED;02:00
Scooby Dam;Scooby Dam;BOSSDIDIT;06:27
Parry Hotter;Porschet;CANCELLED;05:51
Donald Truck;Mr. Trumpet;DONE;02:21
Al Capone;Bill Gates;FAILED;00:42
Al Capone;Porschet;FAILED;01:39
Queen of Brexit;Parry Hotter;CANCELLED;01:51
Elon Musk;Mr. Trumpet;CANCELLED;06:32
Mr. Trumpet;Lil Shiftkey;CANCELLED;04:45
Elon Musk;Porschet;CANCELLED;04:49
Bill Gates;Parry Hotter;BOSSDIDIT;04:49
Porschet;Porschet;CANCELLED;01:21
Porschet;Scooby Dam;FAILED;04:00
Parry Hotter;Lil Shiftkey;FAILED;05:11
Elon Musk;Parry Hotter;CANCELLED;06:05
Lil Shiftkey;Donald Truck;FAILED;02:19
Donald Truck;Parry Hotter;CANCELLED;04:32
Lil Shiftkey;Bill Gates;CANCELLED;05:07
Parry Hotter;Al Capone;CANCELLED;01:48
Donald Truck;Elon Musk;BOSSDIDIT;04:42
Donald Truck;Scooby Dam;FAILED;00:11
Lil Shiftkey;Porschet;BOSSDIDIT;01:04
Mr. Trumpet;Parry Hotter;CANCELLED;00:07
Mr. Trumpet;Lil Shiftkey;DONE;00:18
Scooby Dam;Lil Shiftkey;CANCELLED;02:40
Elon Musk;Donald Truck;DONE;03:47
Queen of Brexit;Queen of Brexit;FAILED;01:49
Lil Shiftkey;Elon Musk;DONE;02:02
Porschet;Elon Musk;FAILED;00:17
Al Capone;Scooby Dam;CANCELLED;01:22
Scooby Dam;Queen of Brexit;BOSSDIDIT;04:26
Donald Truck;Donald Truck;FAILED;06:13
Porschet;Scooby Dam;CANCELLED;01:46
Lil Shiftkey;Donald Truck;CANCELLED;01:39
Bill Gates;Bill Gates;CANCELLED;00:09
Donald Truck;Queen of Brexit;FAILED;02:36
Al Capone;Scooby Dam;DONE;02:11
Lil Shiftkey;Scooby Dam;FAILED;04:02
Bill Gates;Queen of Brexit;BOSSDIDIT;03:46
Porschet;Scooby Dam;FAILED;02:08
Scooby Dam;Donald Truck;FAILED;00:33
Scooby Dam;Lil Shiftkey;CANCELLED;03:59
Porschet;Mr. Trumpet;FAILED;00:56
Bill Gates;Porschet;BOSSDIDIT;05:47
Scooby Dam;Lil Shiftkey;BOSSDIDIT;06:13
Lil Shiftkey;Scooby Dam;CANCELLED;00:24
Bill Gates;Lil Shiftkey;CANCELLED;06:38
Scooby Dam;Elon Musk;FAILED;04:25
Elon Musk;Donald Truck;BOSSDIDIT;03:38
Donald Truck;Lil Shiftkey;FAILED;02:09
Parry Hotter;Elon Musk;FAILED;03:57
Queen of Brexit;Al Capone;DONE;06:29
Scooby Dam;Lil Shiftkey;CANCELLED;05:49
Lil Shiftkey;Lil Shiftkey;FAILED;04:20
Donald Truck;Elon Musk;FAILED;06:16
Donald Truck;Donald Truck;FAILED;03:17
Al Capone;Scooby Dam;FAILED;06:19
Parry Hotter;Scooby Dam;FAILED;03:36
Mr. Trumpet;Bill Gates;CANCELLED;06:33
Mr. Trumpet;Scooby Dam;FAILED;02:12
Mr. Trumpet;Parry Hotter;BOSSDIDIT;06:27
Elon Musk;Bill Gates;FAILED;03:08
Donald Truck;Donald Truck;FAILED;03:22
Lil Shiftkey;Queen of Brexit;DONE;04:05
Porschet;Porschet;BOSSDIDIT;01:05
Elon Musk;Bill Gates;FAILED;03:34
Parry Hotter;Al Capone;BOSSDIDIT;00:33
Parry Hotter;Al Capone;FAILED;01:51
Queen of Brexit;Queen of Brexit;CANCELLED;06:17
Al Capone;Lil Shiftkey;BOSSDIDIT;03:19
Queen of Brexit;Parry Hotter;BOSSDIDIT;03:49
Porschet;Donald Truck;CANCELLED;03:29
Elon Musk;Bill Gates;FAILED;05:40
Al Capone;Scooby Dam;FAILED;05:03
Porschet;Bill Gates;DONE;04:08
Porschet;Scooby Dam;CANCELLED;02:43
Bill Gates;Lil Shiftkey;CANCELLED;05:07
Elon Musk;Queen of Brexit;CANCELLED;04:47
Lil Shiftkey;Mr. Trumpet;CANCELLED;04:47
Porschet;Scooby Dam;BOSSDIDIT;00:50
Donald Truck;Porschet;BOSSDIDIT;06:16
Lil Shiftkey;Queen of Brexit;DONE;00:30
Lil Shiftkey;Scooby Dam;CANCELLED;01:58
Elon Musk;Queen of Brexit;CANCELLED;02:44
Parry Hotter;Parry Hotter;DONE;01:43
Mr. Trumpet;Donald Truck;BOSSDIDIT;03:23
Mr. Trumpet;Queen of Brexit;FAILED;02:19
Bill Gates;Mr. Trumpet;CANCELLED;04:19
Porschet;Mr. Trumpet;FAILED;02:17
Scooby Dam;Lil Shiftkey;CANCELLED;01:51
Mr. Trumpet;Scooby Dam;CANCELLED;00:32
Elon Musk;Queen of Brexit;DONE;00:43
Lil Shiftkey;Lil Shiftkey;BOSSDIDIT;06:04

