Parry Hotter;Mr. Trumpet;CANCELLED;06:28
Lil Shiftkey;Elon Musk;FAILED;04:52
Bill Gates;Parry Hotter;BOSSDIDIT;04:20
Porschet;Porschet;CANCELLED;02:15
Queen of Brexit;Bill Gates;CANCELLED;01:15
Elon Musk;Mr. Trumpet;DONE;05:40
Lil Shiftkey;Scooby Dam;BOSSDIDIT;03:39
Donald Truck;Bill Gates;BOSSDIDIT;02:22
Lil Shiftkey;Lil Shiftkey;BOSSDIDIT;00:37
Lil Shiftkey;Donald Truck;BOSSDIDIT;04:19
Porschet;Elon Musk;FAILED;00:14
Mr. Trumpet;Parry Hotter;DONE;05:15
Lil Shiftkey;Scooby Dam;FAILED;05:42
Parry Hotter;Lil Shiftkey;CANCELLED;02:51
Elon Musk;Elon Musk;FAILED;05:51
Donald Truck;Mr. Trumpet;CANCELLED;01:34
Parry Hotter;Queen of Brexit;BOSSDIDIT;03:00
Lil Shiftkey;Donald Truck;DONE;00:04
Scooby Dam;Parry Hotter;CANCELLED;02:44
Al Capone;Scooby Dam;BOSSDIDIT;01:37
Elon Musk;Al Capone;FAILED;05:14
Lil Shiftkey;Queen of Brexit;DONE;01:37
Queen of Brexit;Al Capone;CANCELLED;06:11
Mr. Trumpet;Al Capone;CANCELLED;00:53
Lil Shiftkey;Lil Shiftkey;FAILED;03:18
Lil Shiftkey;Elon Musk;FAILED;01:46
Mr. Trumpet;Mr. Trumpet;FAILED;00:02
Porschet;Mr. Trumpet;CANCELLED;05:51
Queen of Brexit;Parry Hotter;CANCELLED;05:53
Bill Gates;Parry Hotter;DONE;00:35
Elon Musk;Al Capone;FAILED;01:18
Queen of Brexit;Queen of Brexit;FAILED;03:13
Lil Shiftkey;Porschet;FAILED;03:32
Parry Hotter;Lil Shiftkey;CANCELLED;06:16
Scooby Dam;Porschet;DONE;04:29
Lil Shiftkey;Queen of Brexit;FAILED;02:52
Elon Musk;Mr. Trumpet;BOSSDIDIT;00:30
Elon Musk;Parry Hotter;CANCELLED;06:06
Mr. Trumpet;Elon Musk;FAILED;01:44
Elon Musk;Mr. Trumpet;CANCELLED;04:16
Al Capone;Porschet;FAILED;04:14
Elon Musk;Porschet;DONE;02:32
Donald Truck;Queen of Brexit;BOSSDIDIT;02:33
Donald Truck;Lil Shiftkey;BOSSDIDIT;03:09
Parry Hotter;Porschet;CANCELLED;02:37
Queen of Brexit;Scooby Dam;BOSSDIDIT;04:37
Mr. Trumpet;Parry Hotter;CANCELLED;02:46
Parry Hotter;Scooby Dam;FAILED;01:51
Porschet;Porschet;DONE;05:44
Bill Gates;Porschet;FAILED;04:39
Parry Hotter;Queen of Brexit;FAILED;06:27
Donald Truck;Donald Truck;FAILED;06:21
Parry Hotter;Porschet;CANCELLED;01:49
Donald Truck;Donald Truck;BOSSDIDIT;03:17
Mr. Trumpet;Parry Hotter;FAILED;03:38
Elon Musk;Donald Truck;BOSSDIDIT;00:23
Porschet;Al Capone;BOSSDIDIT;04:27
Donald Truck;Elon Musk;BOSSDIDIT;00:02
Queen of Brexit;Al Capone;FAILED;00:56
Elon Musk;Al Capone;DONE;06:25
Elon Musk;Queen of Brexit;DONE;00:48
Al Capone;Lil Shiftkey;FAILED;05:34
Scooby Dam;Scooby Dam;CANCELLED;01:36
Porschet;Donald Truck;CANCELLED;03:29
Parry Hotter;Lil Shiftkey;CANCELLED;04:07
Elon Musk;Mr. Trumpet;FAILED;05:55
Lil Shiftkey;Queen of Brexit;CANCELLED;04:50
Donald Truck;Elon Musk;CANCELLED;05:17
Bill Gates;Al Capone;FAILED;00:50
Lil Shiftkey;Donald Truck;FAILED;01:56
Lil Shiftkey;Bill Gates;BOSSDIDIT;01:16
Parry Hotter;Mr. Trumpet;FAILED;01:47
Al Capone;Donald Truck;CANCELLED;01:59
Elon Musk;Bill Gates;DONE;00:43
Bill Gates;Al Capone;CANCELLED;01:10
Al Capone;Donald Truck;CANCELLED;01:15
Queen of Brexit;Elon Musk;BOSSDIDIT;02:14
Lil Shiftkey;Queen of Brexit;CANCELLED;02:06
Queen of Brexit;Porschet;FAILED;05:19
Donald Truck;Porschet;DONE;02:15
Scooby Dam;Donald Truck;DONE;03:32
Queen of Brexit;Donald Truck;DONE;03:55
Parry Hotter;Bill Gates;CANCELLED;02:04
Donald Truck;Lil Shiftkey;CANCELLED;06:02
Parry Hotter;Queen of Brexit;BOSSDIDIT;06:20
Al Capone;Queen of Brexit;CANCELLED;02:19
Lil Shiftkey;Mr. Trumpet;FAILED;00:22
Al Capone;Lil Shiftkey;DONE;05:53
Bill Gates;Elon Musk;CANCELLED;05:17
Queen of Brexit;Lil Shiftkey;CANCELLED;04:10
Al Capone;Donald Truck;FAILED;02:12
Porschet;Donald Truck;CANCELLED;03:10
Bill Gates;Queen of Brexit;FAILED;05:59
Porschet;Queen of Brexit;BOSSDIDIT;01:06
Scooby Dam;Scooby Dam;BOSSDIDIT;04:30
Elon Musk;Bill Gates;FAILED;00:30
Bill Gates;Mr. Trumpet;DONE;06:07
Lil Shiftkey;Elon Musk;CANCELLED;02:26
Parry Hotter;Bill Gates;CANCELLED;00:22
Scooby Dam;Lil Shiftkey;FAILED;01:38
Bill Gates;Donald Truck;FAILED;04:20
Parry Hotter;Elon Musk;BOSSDIDIT;03:03
Mr. Trumpet;Elon Musk;FAILED;03:06
Donald Truck;Donald Truck;CANCELLED;01:44
Scooby Dam;Queen of Brexit;FAILED;00:11
Donald Truck;Mr. Trumpet;FAILED;03:25
Queen of Brexit;Donald Truck;BOSSDIDIT;02:53
Scooby Dam;Porschet;DONE;04:25
Scooby Dam;Lil Shiftkey;FAILED;01:50
Al Capone;Bill Gates;FAILED;04:37
Lil Shiftkey;Porschet;CANCELLED;06:20
Scooby Dam;Queen of Brexit;FAILED;02:27
Parry Hotter;Queen of Brexit;CANCELLED;04:48
Mr. Trumpet;Mr. Trumpet;FAILED;02:06
Parry Hotter;Mr. Trumpet;FAILED;01:55
Bill Gates;Queen of Brexit;CANCELLED;05:19
Elon Musk;Scooby Dam;CANCELLED;05:05
Scooby Dam;Mr. Trumpet;BOSSDIDIT;01:18
Scooby Dam;Donald Truck;CANCELLED;01:41
Lil Shiftkey;Lil Shiftkey;CANCELLED;03:44
Mr. Trumpet;Porschet;CANCELLED;03:25

